{
  "integrations": [
    {
      "id": "cbd06997-d216-4522-9694-376e2f64d1fb",
      "name": "0 - SOAP HTTP Post Entrypoint",
      "action": "RUN_SCRIPT",
      "type": "INBOUND_WEBHOOK",
      "deployed": true,
      "script": "// Setup shared library references\nvar utils = require('xmatters-utils');\n\n// Parse incoming SOAP Envelope with namespaces using xpath\nvar doc = new XMLUtils.DOMParser().parseFromString(request.body);\nvar select = XMLUtils.xpath.useNamespaces({\"sch\": \"http://www.alarmpoint.com/webservices/schema\"});\nvar tokens = select('//sch:eventTokens/sch:eventToken', doc);\n\nvar data = {};\n// Iterate the event tokens to build the data object\nfor (var i in tokens) {\n    var nameToken = select('sch:name/text()', tokens[i])[0].data;\n    var valueToken = '';\n    if (select('sch:value/text()', tokens[i])[0]){\n        valueToken = select('sch:value/text()', tokens[i])[0].data;\n    }\n    console.log(\"Adding property: \" + nameToken + \" = \" + valueToken);\n    data[nameToken] = valueToken;\n}\n\n// Map incoming data to form properties\npayload = {};\npayload.properties = {};\n\n// Correct - Boolean Value\n// - xMatters SOAP Booleans are Yes/No but Communication Form Booleans are true/false \nvar sampleBoolean = true;\nif (data['sampleBoolean'] === 'No'){\n    sampleBoolean = false;    \n}\n\n// Map - Single Value Properties\npayload.properties['Message'] = data['sample message'];\npayload.properties['Priority'] = data['sample priority'];\npayload.properties['Boolean'] = sampleBoolean;\n\n// Map - Multi Value Properties w/ Delimiters\n// - xMatters SOAP based event injection supports list data using delimiters property\nvar delimiter='';\nif(typeof(data['sample country-list-item-delimiter']) !== 'undefined'){\n   delimiter = data['sample country-list-item-delimiter'];\n}else{\n    console.log(\"Sample Country delimiter is undefined\");\n}\nif(typeof(data['sample country']) !== 'undefined'){\n    payload.properties['Country'] = buildList(data['sample country'], delimiter);\n}else{\n    console.log(\"Sample Country is undefined\");\n}\n\n// Map - Recipients \n// - extract person_id from the incoming request and add as recipient\nif (data.person_id !== ''){\n    var recipients = [];\n    recipients = buildRecipients(data['person_id'], recipients);\n    payload.recipients = recipients;\n}\n\nconsole.log(JSON.stringify(payload));\n\n// Prepare the Service Manager HTTP request\nvar request = http.request({\n    'endpoint': 'xMatters',\n    'method': 'POST',\n    'path': constants['FORM_URL'],\n    'headers': {\n        'Content-Type': 'application/json'\n    }\n});\n\n// Submit the request and capture the response\nvar response = request.write(unescape(encodeURIComponent(JSON.stringify(payload))));\n\n// Handle the response\nif (utils.isValidStatusCode(response.statusCode)) {\n    console.log(\"Form call succeeded with response: \" + JSON.stringify(response));\n} else {\n    console.log(\"Form call failed with response: \" + JSON.stringify(response));\n    throw response;\n}\n\n// Function to build a list JSON object \nfunction buildList(str, delimiter){\n    var index, array, i;\n    // default the return to return input if type is unsupported\n    var retValue = str;\n    \n    //default delimiter if empty\n    if(delimiter === ''){\n        delimiter = ',';\n    }\n    \n    index = String(str).indexOf(delimiter);\n    retValue = '[';\n    if (index > -1) \n    {\n        array = str.split(delimiter);\n        array = array.filter(onlyUnique);\n        for (i=0; i < array.length; i++)\n        {\n            retValue += '\"' + array[i].trim() + '\"';\n            if(i !=(array.length - 1))\n            {\n                retValue += ', ';\n            }\n        }\n    } else if(String(str).length > 0){\n        retValue += '\"' + str + '\"';\n    }\n    retValue += ']';\n    retValue = JSON.parse(retValue);\n    return retValue;\n}\n\n// Guarentee uniqueness for list\nfunction onlyUnique(value, index, self) { \n    return self.indexOf(value) === index;\n}\n\n// Function to build a Recipient list JSON object\nfunction buildRecipients(str, recipients){\n    var index, array, i;\n    // default the return to return input if type is unsupported\n    var retValue = recipients;\n    \n    index = String(str).indexOf(',');\n    if (index > -1) \n    {\n        array = str.split(',');\n        for (i=0; i < array.length; i++)\n        {\n            retValue.push({'id': array[i].trim(), 'recipientType' : 'PERSON'});\n        }\n    } else if(String(str).length > 0){\n        retValue.push({'id': str, 'recipientType' : 'PERSON'});\n    }\n    return retValue;\n}",
      "environment": "HOSTED",
      "authType": "URL"
    },
    {
      "id": "f56fec8e-aa9a-4d8a-8762-a34f697dba7d",
      "name": "Sample Form EntryPoint",
      "action": "CREATE_EVENT_SIMPLE",
      "type": "INBOUND_WEBHOOK",
      "deployed": true,
      "form": "fc0e4b6c-4312-4870-967c-4d612386ee7a",
      "script": "var plan_id = '5c7bc4c6-c797-42af-b98e-17a32ba77ad5', form_id = 'fc0e4b6c-4312-4870-967c-4d612386ee7a';\nvar xm_ver = 1;\n\nvar endpointpath = '/api/xm/' + xm_ver + '/plans/' + plan_id + '/forms/' + form_id + '/triggers';\n\nvar req = http.request({\n    method: 'POST',\n    endpoint: 'xMatters',\n    path: endpointpath,\n    headers: {\n        'Content-Type': 'application/json',\n    }\n});\n\n// Add requestId to payload\nvar payload = JSON.parse(request.body);\nif (!payload) {\n    payload = {};\n}\npayload.requestId = request.requestId;\npayload.integrationUUID = request.integrationUuid;\n\nvar response = req.write(payload);\n\n// If not 2xx response, throw exception to fail the integration\nif (response.statusCode >= 300) {\n    throw \"Failed to make call to xMatters endpoint. Path: \" + endpointpath + \". Server responded with status \" + response.statusCode;\n}\n\n",
      "environment": "HOSTED",
      "authType": "URL"
    }
  ],
  "endpoints": [],
  "constants": [
    {
      "name": "FORM_URL",
      "value": "api/integration/1/functions/f56fec8e-aa9a-4d8a-8762-a34f697dba7d/triggers?apiKey=8b15eff1-9b07-450c-a572-a6329e052b3c",
      "description": ""
    }
  ]
}