[
  {
    "name": "xmatters-utils",
    "script": "/**\n * Usage:\n */\n\nvar EVENT_STATUS = {\n    ACTIVE: 'ACTIVE',\n    SUSPENDED: 'SUSPENDED',\n    TERMINATED: 'TERMINATED'\n};\n\nvar isValidStatusCode = function(statusCode) {\n    return statusCode >= 200 && statusCode <= 299;\n};\n\nvar getEvents = function(status, propertyNames, propertyValues) {    \n    // Prepare the HTTP request to locate existing active events\n    var getEvents = http.request({\n        'endpoint': 'xMatters',\n        'method': 'GET',\n        'path': '/api/xm/1/events?status=' + status + '&propertyName=' + propertyNames.join(',') + '&propertyValue=' + propertyValues.join(','),\n        'headers': {\n            'Content-Type': 'application/json'\n        }\n    });\n    var response = getEvents.write();\n    if(isValidStatusCode(response.statusCode)) {\n        var events = [];\n        if(response.body) {\n            events = JSON.parse(response.body).data;\n        } \n        return events;\n    } else {\n        throw 'getEvents returned an error: ' + response.statusCode;\n    }\n};\n\nvar terminateEvent = function(eventId) {\n    var response = http.request({\n        'endpoint': 'xMatters',\n        'method': 'POST',\n        'path': '/api/xm/1/events',\n        'headers': {\n            'Content-Type': 'application/json'\n        }\n    }).write({\n        id: eventId,\n        status: EVENT_STATUS.TERMINATED\n    });\n    if(isValidStatusCode(response.statusCode)) {\n        return true;\n    } else {\n        return false;\n    }\n};\n\n/**\n * Determine if an HTTP status code represents success\n *\n * @param {number} statusCode from an HTTP request\n * @returns {boolean} true if successful; false otherwise\n */\nexports.isValidStatusCode = isValidStatusCode;\n\n/**\n * Terminate active events matching a set of properties\n *\n * Note: When property is a string type, be sure to include the language\n *       with the property name (e.g. \"alert_id#en\"). If the property is\n *       a numeric, however, do not include the language (e.g.\n *       \"alert_count\").\n *\n * @param {Object} properties a set of properties to search\n * @returns {boolean} success/failure\n */\nexports.terminateEvents = function (properties) {\n    // Prepare the search criteria for matching events\n    var propNames = [];\n    var propValues = [];\n    for (var key in properties) {\n        propNames.push(encodeURIComponent(key));\n        propValues.push(encodeURIComponent(properties[key]));\n    }\n\n    if(propNames.length <= 0) {\n        console.log('Skipping terminate events because it was called without any search properties');\n        return false;\n    }\n\n    var isSuccessful = true;\n    try {\n        var activeEvents = getEvents(EVENT_STATUS.ACTIVE, propNames, propValues);\n        for(var i = 0; i < activeEvents.length; i++) {\n            isSuccessful = terminateEvent(activeEvents[i].id) && isSuccessful;\n        }\n    } catch(e) {\n        console.log('A problem occurred while terminating active events: ' + JSON.stringify(e));\n        isSuccessful = false;\n    }\n\n    try {\n        var suspendedEvents = getEvents(EVENT_STATUS.SUSPENDED, propNames, propValues);\n        for(var j = 0; j < suspendedEvents.length; j++) {\n            isSuccessful = terminateEvent(suspendedEvents[j].id) && isSuccessful;\n        }\n    } catch(e) {\n        console.log('A problem occurred while terminating suspended events: ' + JSON.stringify(e));\n        isSuccessful = false;\n    }\n\n    return isSuccessful;\n};\n\n/**\n * Check existance of recipient in xMatters\n *\n * @param {string} type a type of recipient people or group is currently supported\n *        {string} name targetname of recipient\n * @returns {boolean} true if recipient exists, false otherwise\n */\nexports.checkExists = function( type, name ) {\n  \n  if( type != 'people' && type != 'groups' ) {\n      console.log( 'Invalid type value: \"' + type + '\"' );\n      return false;\n  }\n  \n  var check = http.request({ \n      \"endpoint\": \"xMatters\",\n      \"path\": \"/api/xm/1/\" + type + \"/\" + name,\n      \"method\": \"GET\"\n  });\n  \n  var resp = check.write();\n  return (resp.statusCode == 200);\n}"
  }
]