[
  {
    "baseType": 0,
    "name": "Boolean",
    "description": "",
    "helpText": "",
    "isSystem": false
  },
  {
    "baseType": 22,
    "name": "Country",
    "description": "",
    "helpText": "",
    "isSystem": false,
    "values": [
      {
        "value": "Afghanistan",
        "isDefault": false,
        "isVisible": true
      },
      {
        "value": "Albania",
        "isDefault": false,
        "isVisible": true
      },
      {
        "value": "Algeria",
        "isDefault": false,
        "isVisible": true
      },
      {
        "value": "Angola",
        "isDefault": false,
        "isVisible": true
      },
      {
        "value": "Argentina",
        "isDefault": false,
        "isVisible": true
      },
      {
        "value": "Armenia",
        "isDefault": false,
        "isVisible": true
      },
      {
        "value": "Aruba",
        "isDefault": false,
        "isVisible": true
      },
      {
        "value": "Australia",
        "isDefault": false,
        "isVisible": true
      },
      {
        "value": "Austria",
        "isDefault": false,
        "isVisible": true
      },
      {
        "value": "Azerbaijan",
        "isDefault": false,
        "isVisible": true
      },
      {
        "value": "Bahamas",
        "isDefault": false,
        "isVisible": true
      },
      {
        "value": "Bahrain",
        "isDefault": false,
        "isVisible": true
      },
      {
        "value": "Bangladesh",
        "isDefault": false,
        "isVisible": true
      },
      {
        "value": "Barbados",
        "isDefault": false,
        "isVisible": true
      },
      {
        "value": "Belarus",
        "isDefault": false,
        "isVisible": true
      },
      {
        "value": "Belgium",
        "isDefault": false,
        "isVisible": true
      },
      {
        "value": "Bermuda",
        "isDefault": false,
        "isVisible": true
      },
      {
        "value": "Bolivia",
        "isDefault": false,
        "isVisible": true
      },
      {
        "value": "Bosnia and Herzegovina",
        "isDefault": false,
        "isVisible": true
      },
      {
        "value": "Botswana",
        "isDefault": false,
        "isVisible": true
      },
      {
        "value": "Brazil",
        "isDefault": false,
        "isVisible": true
      },
      {
        "value": "British Virgin Islands",
        "isDefault": false,
        "isVisible": true
      },
      {
        "value": "Brunei",
        "isDefault": false,
        "isVisible": true
      },
      {
        "value": "Bulgaria",
        "isDefault": false,
        "isVisible": true
      },
      {
        "value": "Cambodia",
        "isDefault": false,
        "isVisible": true
      },
      {
        "value": "Cameroon",
        "isDefault": false,
        "isVisible": true
      },
      {
        "value": "Canada",
        "isDefault": false,
        "isVisible": true
      },
      {
        "value": "Cayman Islands",
        "isDefault": false,
        "isVisible": true
      },
      {
        "value": "Chad",
        "isDefault": false,
        "isVisible": true
      },
      {
        "value": "Chile",
        "isDefault": false,
        "isVisible": true
      },
      {
        "value": "China",
        "isDefault": false,
        "isVisible": true
      },
      {
        "value": "Colombia",
        "isDefault": false,
        "isVisible": true
      },
      {
        "value": "Congo",
        "isDefault": false,
        "isVisible": true
      },
      {
        "value": "Congo Dem. Rep.",
        "isDefault": false,
        "isVisible": true
      },
      {
        "value": "Costa Rica",
        "isDefault": false,
        "isVisible": true
      },
      {
        "value": "Croatia",
        "isDefault": false,
        "isVisible": true
      },
      {
        "value": "CuraÃ§ao",
        "isDefault": false,
        "isVisible": true
      },
      {
        "value": "Cyprus",
        "isDefault": false,
        "isVisible": true
      },
      {
        "value": "Czech Republic",
        "isDefault": false,
        "isVisible": true
      },
      {
        "value": "Denmark",
        "isDefault": false,
        "isVisible": true
      },
      {
        "value": "Dominican Republic",
        "isDefault": false,
        "isVisible": true
      },
      {
        "value": "Ecuador",
        "isDefault": false,
        "isVisible": true
      },
      {
        "value": "Egypt",
        "isDefault": false,
        "isVisible": true
      },
      {
        "value": "El Salvador",
        "isDefault": false,
        "isVisible": true
      },
      {
        "value": "Equatorial Guinea",
        "isDefault": false,
        "isVisible": true
      },
      {
        "value": "Estonia",
        "isDefault": false,
        "isVisible": true
      },
      {
        "value": "Ethiopia",
        "isDefault": false,
        "isVisible": true
      },
      {
        "value": "EYG",
        "isDefault": false,
        "isVisible": true
      },
      {
        "value": "Fiji",
        "isDefault": false,
        "isVisible": true
      },
      {
        "value": "Finland",
        "isDefault": false,
        "isVisible": true
      },
      {
        "value": "France",
        "isDefault": false,
        "isVisible": true
      },
      {
        "value": "Gabon",
        "isDefault": false,
        "isVisible": true
      },
      {
        "value": "Georgia",
        "isDefault": false,
        "isVisible": true
      },
      {
        "value": "Germany",
        "isDefault": false,
        "isVisible": true
      },
      {
        "value": "Ghana",
        "isDefault": false,
        "isVisible": true
      },
      {
        "value": "Gibraltar",
        "isDefault": false,
        "isVisible": true
      },
      {
        "value": "GNS Test",
        "isDefault": false,
        "isVisible": true
      },
      {
        "value": "Greece",
        "isDefault": false,
        "isVisible": true
      },
      {
        "value": "Guam",
        "isDefault": false,
        "isVisible": true
      },
      {
        "value": "Guatemala",
        "isDefault": false,
        "isVisible": true
      },
      {
        "value": "Guinea",
        "isDefault": false,
        "isVisible": true
      },
      {
        "value": "Honduras",
        "isDefault": false,
        "isVisible": true
      },
      {
        "value": "Hungary",
        "isDefault": false,
        "isVisible": true
      },
      {
        "value": "Iceland",
        "isDefault": false,
        "isVisible": true
      },
      {
        "value": "India",
        "isDefault": false,
        "isVisible": true
      },
      {
        "value": "Indonesia",
        "isDefault": false,
        "isVisible": true
      },
      {
        "value": "Iraq",
        "isDefault": false,
        "isVisible": true
      },
      {
        "value": "Ireland",
        "isDefault": false,
        "isVisible": true
      },
      {
        "value": "Isle of Man",
        "isDefault": false,
        "isVisible": true
      },
      {
        "value": "Israel",
        "isDefault": false,
        "isVisible": true
      },
      {
        "value": "Italy",
        "isDefault": false,
        "isVisible": true
      },
      {
        "value": "Ivory Coast",
        "isDefault": false,
        "isVisible": true
      },
      {
        "value": "Jamaica",
        "isDefault": false,
        "isVisible": true
      },
      {
        "value": "Japan",
        "isDefault": false,
        "isVisible": true
      },
      {
        "value": "Jordan",
        "isDefault": false,
        "isVisible": true
      },
      {
        "value": "Kazakhstan",
        "isDefault": false,
        "isVisible": true
      },
      {
        "value": "Kenya",
        "isDefault": false,
        "isVisible": true
      },
      {
        "value": "Korea",
        "isDefault": false,
        "isVisible": true
      },
      {
        "value": "Kosovo",
        "isDefault": false,
        "isVisible": true
      },
      {
        "value": "Kuwait",
        "isDefault": false,
        "isVisible": true
      },
      {
        "value": "Laos",
        "isDefault": false,
        "isVisible": true
      },
      {
        "value": "Latvia",
        "isDefault": false,
        "isVisible": true
      },
      {
        "value": "Lebanon",
        "isDefault": false,
        "isVisible": true
      },
      {
        "value": "Libya",
        "isDefault": false,
        "isVisible": true
      },
      {
        "value": "Lithuania",
        "isDefault": false,
        "isVisible": true
      },
      {
        "value": "Luxembourg",
        "isDefault": false,
        "isVisible": true
      },
      {
        "value": "Macedonia",
        "isDefault": false,
        "isVisible": true
      },
      {
        "value": "Madagascar",
        "isDefault": false,
        "isVisible": true
      },
      {
        "value": "Malawi",
        "isDefault": false,
        "isVisible": true
      },
      {
        "value": "Malaysia",
        "isDefault": false,
        "isVisible": true
      },
      {
        "value": "Maldives",
        "isDefault": false,
        "isVisible": true
      },
      {
        "value": "Malta",
        "isDefault": false,
        "isVisible": true
      },
      {
        "value": "Mauritius",
        "isDefault": false,
        "isVisible": true
      },
      {
        "value": "Mexico",
        "isDefault": false,
        "isVisible": true
      },
      {
        "value": "Moldova",
        "isDefault": false,
        "isVisible": true
      },
      {
        "value": "Monaco",
        "isDefault": false,
        "isVisible": true
      },
      {
        "value": "Mongolia",
        "isDefault": false,
        "isVisible": true
      },
      {
        "value": "Montenegro",
        "isDefault": false,
        "isVisible": true
      },
      {
        "value": "Morocco",
        "isDefault": false,
        "isVisible": true
      },
      {
        "value": "Mozambique",
        "isDefault": false,
        "isVisible": true
      },
      {
        "value": "Myanmar",
        "isDefault": false,
        "isVisible": true
      },
      {
        "value": "Namibia",
        "isDefault": false,
        "isVisible": true
      },
      {
        "value": "Netherlands",
        "isDefault": false,
        "isVisible": true
      },
      {
        "value": "Netherlands Antilles",
        "isDefault": false,
        "isVisible": true
      },
      {
        "value": "New Zealand",
        "isDefault": false,
        "isVisible": true
      },
      {
        "value": "Nicaragua",
        "isDefault": false,
        "isVisible": true
      },
      {
        "value": "Nigeria",
        "isDefault": false,
        "isVisible": true
      },
      {
        "value": "Northern Mariana Islands",
        "isDefault": false,
        "isVisible": true
      },
      {
        "value": "Norway",
        "isDefault": false,
        "isVisible": true
      },
      {
        "value": "Oman",
        "isDefault": false,
        "isVisible": true
      },
      {
        "value": "Pakistan",
        "isDefault": false,
        "isVisible": true
      },
      {
        "value": "Palestinian Territory",
        "isDefault": false,
        "isVisible": true
      },
      {
        "value": "Panama",
        "isDefault": false,
        "isVisible": true
      },
      {
        "value": "Papua New Guinea",
        "isDefault": false,
        "isVisible": true
      },
      {
        "value": "Paraguay",
        "isDefault": false,
        "isVisible": true
      },
      {
        "value": "Peru",
        "isDefault": false,
        "isVisible": true
      },
      {
        "value": "Philippines",
        "isDefault": false,
        "isVisible": true
      },
      {
        "value": "Poland",
        "isDefault": false,
        "isVisible": true
      },
      {
        "value": "Portugal",
        "isDefault": false,
        "isVisible": true
      },
      {
        "value": "Puerto Rico",
        "isDefault": false,
        "isVisible": true
      },
      {
        "value": "Qatar",
        "isDefault": false,
        "isVisible": true
      },
      {
        "value": "Reunion",
        "isDefault": false,
        "isVisible": true
      },
      {
        "value": "Romania",
        "isDefault": false,
        "isVisible": true
      },
      {
        "value": "Russia",
        "isDefault": false,
        "isVisible": true
      },
      {
        "value": "Rwanda",
        "isDefault": false,
        "isVisible": true
      },
      {
        "value": "Saipan & Micronesia",
        "isDefault": false,
        "isVisible": true
      },
      {
        "value": "Saudi Arabia",
        "isDefault": false,
        "isVisible": true
      },
      {
        "value": "Senegal",
        "isDefault": false,
        "isVisible": true
      },
      {
        "value": "Serbia",
        "isDefault": false,
        "isVisible": true
      },
      {
        "value": "Seychelles",
        "isDefault": false,
        "isVisible": true
      },
      {
        "value": "Singapore",
        "isDefault": false,
        "isVisible": true
      },
      {
        "value": "Slovakia",
        "isDefault": false,
        "isVisible": true
      },
      {
        "value": "Slovenia",
        "isDefault": false,
        "isVisible": true
      },
      {
        "value": "South Africa",
        "isDefault": false,
        "isVisible": true
      },
      {
        "value": "South Sudan",
        "isDefault": false,
        "isVisible": true
      },
      {
        "value": "Spain",
        "isDefault": false,
        "isVisible": true
      },
      {
        "value": "Sri Lanka",
        "isDefault": false,
        "isVisible": true
      },
      {
        "value": "Suriname",
        "isDefault": false,
        "isVisible": true
      },
      {
        "value": "Sweden",
        "isDefault": false,
        "isVisible": true
      },
      {
        "value": "Switzerland",
        "isDefault": false,
        "isVisible": true
      },
      {
        "value": "Syrian Arab Republic",
        "isDefault": false,
        "isVisible": true
      },
      {
        "value": "Taiwan",
        "isDefault": false,
        "isVisible": true
      },
      {
        "value": "Tanzania",
        "isDefault": false,
        "isVisible": true
      },
      {
        "value": "Thailand",
        "isDefault": false,
        "isVisible": true
      },
      {
        "value": "Trinidad and Tobago",
        "isDefault": false,
        "isVisible": true
      },
      {
        "value": "Tunisia",
        "isDefault": false,
        "isVisible": true
      },
      {
        "value": "Turkey",
        "isDefault": false,
        "isVisible": true
      },
      {
        "value": "Uganda",
        "isDefault": false,
        "isVisible": true
      },
      {
        "value": "Ukraine",
        "isDefault": false,
        "isVisible": true
      },
      {
        "value": "United Arab Emirates",
        "isDefault": false,
        "isVisible": true
      },
      {
        "value": "United Kingdom",
        "isDefault": false,
        "isVisible": true
      },
      {
        "value": "United States",
        "isDefault": false,
        "isVisible": true
      },
      {
        "value": "Uruguay",
        "isDefault": false,
        "isVisible": true
      },
      {
        "value": "Uzbekistan",
        "isDefault": false,
        "isVisible": true
      },
      {
        "value": "Venezuela",
        "isDefault": false,
        "isVisible": true
      },
      {
        "value": "Vietnam",
        "isDefault": false,
        "isVisible": true
      },
      {
        "value": "Zambia",
        "isDefault": false,
        "isVisible": true
      },
      {
        "value": "Zimbabwe",
        "isDefault": false,
        "isVisible": true
      }
    ]
  },
  {
    "baseType": 3,
    "name": "Message",
    "defaultValue": "",
    "description": "",
    "helpText": "",
    "isSystem": false,
    "minLength": 0,
    "maxLength": 20000,
    "validationRegex": "",
    "isValidate": false
  },
  {
    "baseType": 21,
    "name": "Priority",
    "description": "",
    "helpText": "",
    "isSystem": false,
    "values": [
      {
        "value": "P1",
        "isDefault": false,
        "isVisible": true
      },
      {
        "value": "P2",
        "isDefault": false,
        "isVisible": true
      },
      {
        "value": "P3",
        "isDefault": false,
        "isVisible": true
      },
      {
        "value": "P4",
        "isDefault": false,
        "isVisible": true
      }
    ]
  }
]